sep=;
code;number;country;groupName;pageNumber;slotNumber;isSpecial
"RSA-1";"1";"África do Sul";"Grupo A";"1";"1";"false"
"RSA-2";"2";"África do Sul";"Grupo A";"1";"2";"false"
"RSA-3";"3";"África do Sul";"Grupo A";"1";"3";"false"
"RSA-4";"4";"África do Sul";"Grupo A";"1";"4";"false"
"RSA-5";"5";"África do Sul";"Grupo A";"1";"5";"false"
"RSA-6";"6";"África do Sul";"Grupo A";"1";"6";"false"
"RSA-7";"7";"África do Sul";"Grupo A";"1";"7";"false"
"RSA-8";"8";"África do Sul";"Grupo A";"1";"8";"false"
"RSA-9";"9";"África do Sul";"Grupo A";"1";"9";"false"
"RSA-10";"10";"África do Sul";"Grupo A";"1";"10";"false"
"RSA-11";"11";"África do Sul";"Grupo A";"1";"11";"false"
"RSA-12";"12";"África do Sul";"Grupo A";"1";"12";"false"
"RSA-13";"13";"África do Sul";"Grupo A";"1";"13";"false"
"RSA-14";"14";"África do Sul";"Grupo A";"1";"14";"false"
"RSA-15";"15";"África do Sul";"Grupo A";"1";"15";"false"
"RSA-16";"16";"África do Sul";"Grupo A";"1";"16";"false"
"RSA-17";"17";"África do Sul";"Grupo A";"1";"17";"false"
"RSA-18";"18";"África do Sul";"Grupo A";"1";"18";"false"
"RSA-19";"19";"África do Sul";"Grupo A";"1";"19";"false"
"RSA-20";"20";"África do Sul";"Grupo A";"1";"20";"false"
"KOR-1";"21";"Coreia do Sul";"Grupo A";"2";"1";"false"
"KOR-2";"22";"Coreia do Sul";"Grupo A";"2";"2";"false"
"KOR-3";"23";"Coreia do Sul";"Grupo A";"2";"3";"false"
"KOR-4";"24";"Coreia do Sul";"Grupo A";"2";"4";"false"
"KOR-5";"25";"Coreia do Sul";"Grupo A";"2";"5";"false"
"KOR-6";"26";"Coreia do Sul";"Grupo A";"2";"6";"false"
"KOR-7";"27";"Coreia do Sul";"Grupo A";"2";"7";"false"
"KOR-8";"28";"Coreia do Sul";"Grupo A";"2";"8";"false"
"KOR-9";"29";"Coreia do Sul";"Grupo A";"2";"9";"false"
"KOR-10";"30";"Coreia do Sul";"Grupo A";"2";"10";"false"
"KOR-11";"31";"Coreia do Sul";"Grupo A";"2";"11";"false"
"KOR-12";"32";"Coreia do Sul";"Grupo A";"2";"12";"false"
"KOR-13";"33";"Coreia do Sul";"Grupo A";"2";"13";"false"
"KOR-14";"34";"Coreia do Sul";"Grupo A";"2";"14";"false"
"KOR-15";"35";"Coreia do Sul";"Grupo A";"2";"15";"false"
"KOR-16";"36";"Coreia do Sul";"Grupo A";"2";"16";"false"
"KOR-17";"37";"Coreia do Sul";"Grupo A";"2";"17";"false"
"KOR-18";"38";"Coreia do Sul";"Grupo A";"2";"18";"false"
"KOR-19";"39";"Coreia do Sul";"Grupo A";"2";"19";"false"
"KOR-20";"40";"Coreia do Sul";"Grupo A";"2";"20";"false"
"MEX-1";"41";"México";"Grupo A";"3";"1";"false"
"MEX-2";"42";"México";"Grupo A";"3";"2";"false"
"MEX-3";"43";"México";"Grupo A";"3";"3";"false"
"MEX-4";"44";"México";"Grupo A";"3";"4";"false"
"MEX-5";"45";"México";"Grupo A";"3";"5";"false"
"MEX-6";"46";"México";"Grupo A";"3";"6";"false"
"MEX-7";"47";"México";"Grupo A";"3";"7";"false"
"MEX-8";"48";"México";"Grupo A";"3";"8";"false"
"MEX-9";"49";"México";"Grupo A";"3";"9";"false"
"MEX-10";"50";"México";"Grupo A";"3";"10";"false"
"MEX-11";"51";"México";"Grupo A";"3";"11";"false"
"MEX-12";"52";"México";"Grupo A";"3";"12";"false"
"MEX-13";"53";"México";"Grupo A";"3";"13";"false"
"MEX-14";"54";"México";"Grupo A";"3";"14";"false"
"MEX-15";"55";"México";"Grupo A";"3";"15";"false"
"MEX-16";"56";"México";"Grupo A";"3";"16";"false"
"MEX-17";"57";"México";"Grupo A";"3";"17";"false"
"MEX-18";"58";"México";"Grupo A";"3";"18";"false"
"MEX-19";"59";"México";"Grupo A";"3";"19";"false"
"MEX-20";"60";"México";"Grupo A";"3";"20";"false"
"CZE-1";"61";"República Tcheca";"Grupo A";"4";"1";"false"
"CZE-2";"62";"República Tcheca";"Grupo A";"4";"2";"false"
"CZE-3";"63";"República Tcheca";"Grupo A";"4";"3";"false"
"CZE-4";"64";"República Tcheca";"Grupo A";"4";"4";"false"
"CZE-5";"65";"República Tcheca";"Grupo A";"4";"5";"false"
"CZE-6";"66";"República Tcheca";"Grupo A";"4";"6";"false"
"CZE-7";"67";"República Tcheca";"Grupo A";"4";"7";"false"
"CZE-8";"68";"República Tcheca";"Grupo A";"4";"8";"false"
"CZE-9";"69";"República Tcheca";"Grupo A";"4";"9";"false"
"CZE-10";"70";"República Tcheca";"Grupo A";"4";"10";"false"
"CZE-11";"71";"República Tcheca";"Grupo A";"4";"11";"false"
"CZE-12";"72";"República Tcheca";"Grupo A";"4";"12";"false"
"CZE-13";"73";"República Tcheca";"Grupo A";"4";"13";"false"
"CZE-14";"74";"República Tcheca";"Grupo A";"4";"14";"false"
"CZE-15";"75";"República Tcheca";"Grupo A";"4";"15";"false"
"CZE-16";"76";"República Tcheca";"Grupo A";"4";"16";"false"
"CZE-17";"77";"República Tcheca";"Grupo A";"4";"17";"false"
"CZE-18";"78";"República Tcheca";"Grupo A";"4";"18";"false"
"CZE-19";"79";"República Tcheca";"Grupo A";"4";"19";"false"
"CZE-20";"80";"República Tcheca";"Grupo A";"4";"20";"false"
"BIH-1";"81";"Bósnia e Herzegovina";"Grupo B";"5";"1";"false"
"BIH-2";"82";"Bósnia e Herzegovina";"Grupo B";"5";"2";"false"
"BIH-3";"83";"Bósnia e Herzegovina";"Grupo B";"5";"3";"false"
"BIH-4";"84";"Bósnia e Herzegovina";"Grupo B";"5";"4";"false"
"BIH-5";"85";"Bósnia e Herzegovina";"Grupo B";"5";"5";"false"
"BIH-6";"86";"Bósnia e Herzegovina";"Grupo B";"5";"6";"false"
"BIH-7";"87";"Bósnia e Herzegovina";"Grupo B";"5";"7";"false"
"BIH-8";"88";"Bósnia e Herzegovina";"Grupo B";"5";"8";"false"
"BIH-9";"89";"Bósnia e Herzegovina";"Grupo B";"5";"9";"false"
"BIH-10";"90";"Bósnia e Herzegovina";"Grupo B";"5";"10";"false"
"BIH-11";"91";"Bósnia e Herzegovina";"Grupo B";"5";"11";"false"
"BIH-12";"92";"Bósnia e Herzegovina";"Grupo B";"5";"12";"false"
"BIH-13";"93";"Bósnia e Herzegovina";"Grupo B";"5";"13";"false"
"BIH-14";"94";"Bósnia e Herzegovina";"Grupo B";"5";"14";"false"
"BIH-15";"95";"Bósnia e Herzegovina";"Grupo B";"5";"15";"false"
"BIH-16";"96";"Bósnia e Herzegovina";"Grupo B";"5";"16";"false"
"BIH-17";"97";"Bósnia e Herzegovina";"Grupo B";"5";"17";"false"
"BIH-18";"98";"Bósnia e Herzegovina";"Grupo B";"5";"18";"false"
"BIH-19";"99";"Bósnia e Herzegovina";"Grupo B";"5";"19";"false"
"BIH-20";"100";"Bósnia e Herzegovina";"Grupo B";"5";"20";"false"
"CAN-1";"101";"Canadá";"Grupo B";"6";"1";"false"
"CAN-2";"102";"Canadá";"Grupo B";"6";"2";"false"
"CAN-3";"103";"Canadá";"Grupo B";"6";"3";"false"
"CAN-4";"104";"Canadá";"Grupo B";"6";"4";"false"
"CAN-5";"105";"Canadá";"Grupo B";"6";"5";"false"
"CAN-6";"106";"Canadá";"Grupo B";"6";"6";"false"
"CAN-7";"107";"Canadá";"Grupo B";"6";"7";"false"
"CAN-8";"108";"Canadá";"Grupo B";"6";"8";"false"
"CAN-9";"109";"Canadá";"Grupo B";"6";"9";"false"
"CAN-10";"110";"Canadá";"Grupo B";"6";"10";"false"
"CAN-11";"111";"Canadá";"Grupo B";"6";"11";"false"
"CAN-12";"112";"Canadá";"Grupo B";"6";"12";"false"
"CAN-13";"113";"Canadá";"Grupo B";"6";"13";"false"
"CAN-14";"114";"Canadá";"Grupo B";"6";"14";"false"
"CAN-15";"115";"Canadá";"Grupo B";"6";"15";"false"
"CAN-16";"116";"Canadá";"Grupo B";"6";"16";"false"
"CAN-17";"117";"Canadá";"Grupo B";"6";"17";"false"
"CAN-18";"118";"Canadá";"Grupo B";"6";"18";"false"
"CAN-19";"119";"Canadá";"Grupo B";"6";"19";"false"
"CAN-20";"120";"Canadá";"Grupo B";"6";"20";"false"
"QAT-1";"121";"Catar";"Grupo B";"7";"1";"false"
"QAT-2";"122";"Catar";"Grupo B";"7";"2";"false"
"QAT-3";"123";"Catar";"Grupo B";"7";"3";"false"
"QAT-4";"124";"Catar";"Grupo B";"7";"4";"false"
"QAT-5";"125";"Catar";"Grupo B";"7";"5";"false"
"QAT-6";"126";"Catar";"Grupo B";"7";"6";"false"
"QAT-7";"127";"Catar";"Grupo B";"7";"7";"false"
"QAT-8";"128";"Catar";"Grupo B";"7";"8";"false"
"QAT-9";"129";"Catar";"Grupo B";"7";"9";"false"
"QAT-10";"130";"Catar";"Grupo B";"7";"10";"false"
"QAT-11";"131";"Catar";"Grupo B";"7";"11";"false"
"QAT-12";"132";"Catar";"Grupo B";"7";"12";"false"
"QAT-13";"133";"Catar";"Grupo B";"7";"13";"false"
"QAT-14";"134";"Catar";"Grupo B";"7";"14";"false"
"QAT-15";"135";"Catar";"Grupo B";"7";"15";"false"
"QAT-16";"136";"Catar";"Grupo B";"7";"16";"false"
"QAT-17";"137";"Catar";"Grupo B";"7";"17";"false"
"QAT-18";"138";"Catar";"Grupo B";"7";"18";"false"
"QAT-19";"139";"Catar";"Grupo B";"7";"19";"false"
"QAT-20";"140";"Catar";"Grupo B";"7";"20";"false"
"SUI-1";"141";"Suíça";"Grupo B";"8";"1";"false"
"SUI-2";"142";"Suíça";"Grupo B";"8";"2";"false"
"SUI-3";"143";"Suíça";"Grupo B";"8";"3";"false"
"SUI-4";"144";"Suíça";"Grupo B";"8";"4";"false"
"SUI-5";"145";"Suíça";"Grupo B";"8";"5";"false"
"SUI-6";"146";"Suíça";"Grupo B";"8";"6";"false"
"SUI-7";"147";"Suíça";"Grupo B";"8";"7";"false"
"SUI-8";"148";"Suíça";"Grupo B";"8";"8";"false"
"SUI-9";"149";"Suíça";"Grupo B";"8";"9";"false"
"SUI-10";"150";"Suíça";"Grupo B";"8";"10";"false"
"SUI-11";"151";"Suíça";"Grupo B";"8";"11";"false"
"SUI-12";"152";"Suíça";"Grupo B";"8";"12";"false"
"SUI-13";"153";"Suíça";"Grupo B";"8";"13";"false"
"SUI-14";"154";"Suíça";"Grupo B";"8";"14";"false"
"SUI-15";"155";"Suíça";"Grupo B";"8";"15";"false"
"SUI-16";"156";"Suíça";"Grupo B";"8";"16";"false"
"SUI-17";"157";"Suíça";"Grupo B";"8";"17";"false"
"SUI-18";"158";"Suíça";"Grupo B";"8";"18";"false"
"SUI-19";"159";"Suíça";"Grupo B";"8";"19";"false"
"SUI-20";"160";"Suíça";"Grupo B";"8";"20";"false"
"BRA-1";"161";"Brasil";"Grupo C";"9";"1";"false"
"BRA-2";"162";"Brasil";"Grupo C";"9";"2";"false"
"BRA-3";"163";"Brasil";"Grupo C";"9";"3";"false"
"BRA-4";"164";"Brasil";"Grupo C";"9";"4";"false"
"BRA-5";"165";"Brasil";"Grupo C";"9";"5";"false"
"BRA-6";"166";"Brasil";"Grupo C";"9";"6";"false"
"BRA-7";"167";"Brasil";"Grupo C";"9";"7";"false"
"BRA-8";"168";"Brasil";"Grupo C";"9";"8";"false"
"BRA-9";"169";"Brasil";"Grupo C";"9";"9";"false"
"BRA-10";"170";"Brasil";"Grupo C";"9";"10";"false"
"BRA-11";"171";"Brasil";"Grupo C";"9";"11";"false"
"BRA-12";"172";"Brasil";"Grupo C";"9";"12";"false"
"BRA-13";"173";"Brasil";"Grupo C";"9";"13";"false"
"BRA-14";"174";"Brasil";"Grupo C";"9";"14";"false"
"BRA-15";"175";"Brasil";"Grupo C";"9";"15";"false"
"BRA-16";"176";"Brasil";"Grupo C";"9";"16";"false"
"BRA-17";"177";"Brasil";"Grupo C";"9";"17";"false"
"BRA-18";"178";"Brasil";"Grupo C";"9";"18";"false"
"BRA-19";"179";"Brasil";"Grupo C";"9";"19";"false"
"BRA-20";"180";"Brasil";"Grupo C";"9";"20";"false"
"SCO-1";"181";"Escócia";"Grupo C";"10";"1";"false"
"SCO-2";"182";"Escócia";"Grupo C";"10";"2";"false"
"SCO-3";"183";"Escócia";"Grupo C";"10";"3";"false"
"SCO-4";"184";"Escócia";"Grupo C";"10";"4";"false"
"SCO-5";"185";"Escócia";"Grupo C";"10";"5";"false"
"SCO-6";"186";"Escócia";"Grupo C";"10";"6";"false"
"SCO-7";"187";"Escócia";"Grupo C";"10";"7";"false"
"SCO-8";"188";"Escócia";"Grupo C";"10";"8";"false"
"SCO-9";"189";"Escócia";"Grupo C";"10";"9";"false"
"SCO-10";"190";"Escócia";"Grupo C";"10";"10";"false"
"SCO-11";"191";"Escócia";"Grupo C";"10";"11";"false"
"SCO-12";"192";"Escócia";"Grupo C";"10";"12";"false"
"SCO-13";"193";"Escócia";"Grupo C";"10";"13";"false"
"SCO-14";"194";"Escócia";"Grupo C";"10";"14";"false"
"SCO-15";"195";"Escócia";"Grupo C";"10";"15";"false"
"SCO-16";"196";"Escócia";"Grupo C";"10";"16";"false"
"SCO-17";"197";"Escócia";"Grupo C";"10";"17";"false"
"SCO-18";"198";"Escócia";"Grupo C";"10";"18";"false"
"SCO-19";"199";"Escócia";"Grupo C";"10";"19";"false"
"SCO-20";"200";"Escócia";"Grupo C";"10";"20";"false"
"HAI-1";"201";"Haiti";"Grupo C";"11";"1";"false"
"HAI-2";"202";"Haiti";"Grupo C";"11";"2";"false"
"HAI-3";"203";"Haiti";"Grupo C";"11";"3";"false"
"HAI-4";"204";"Haiti";"Grupo C";"11";"4";"false"
"HAI-5";"205";"Haiti";"Grupo C";"11";"5";"false"
"HAI-6";"206";"Haiti";"Grupo C";"11";"6";"false"
"HAI-7";"207";"Haiti";"Grupo C";"11";"7";"false"
"HAI-8";"208";"Haiti";"Grupo C";"11";"8";"false"
"HAI-9";"209";"Haiti";"Grupo C";"11";"9";"false"
"HAI-10";"210";"Haiti";"Grupo C";"11";"10";"false"
"HAI-11";"211";"Haiti";"Grupo C";"11";"11";"false"
"HAI-12";"212";"Haiti";"Grupo C";"11";"12";"false"
"HAI-13";"213";"Haiti";"Grupo C";"11";"13";"false"
"HAI-14";"214";"Haiti";"Grupo C";"11";"14";"false"
"HAI-15";"215";"Haiti";"Grupo C";"11";"15";"false"
"HAI-16";"216";"Haiti";"Grupo C";"11";"16";"false"
"HAI-17";"217";"Haiti";"Grupo C";"11";"17";"false"
"HAI-18";"218";"Haiti";"Grupo C";"11";"18";"false"
"HAI-19";"219";"Haiti";"Grupo C";"11";"19";"false"
"HAI-20";"220";"Haiti";"Grupo C";"11";"20";"false"
"MAR-1";"221";"Marrocos";"Grupo C";"12";"1";"false"
"MAR-2";"222";"Marrocos";"Grupo C";"12";"2";"false"
"MAR-3";"223";"Marrocos";"Grupo C";"12";"3";"false"
"MAR-4";"224";"Marrocos";"Grupo C";"12";"4";"false"
"MAR-5";"225";"Marrocos";"Grupo C";"12";"5";"false"
"MAR-6";"226";"Marrocos";"Grupo C";"12";"6";"false"
"MAR-7";"227";"Marrocos";"Grupo C";"12";"7";"false"
"MAR-8";"228";"Marrocos";"Grupo C";"12";"8";"false"
"MAR-9";"229";"Marrocos";"Grupo C";"12";"9";"false"
"MAR-10";"230";"Marrocos";"Grupo C";"12";"10";"false"
"MAR-11";"231";"Marrocos";"Grupo C";"12";"11";"false"
"MAR-12";"232";"Marrocos";"Grupo C";"12";"12";"false"
"MAR-13";"233";"Marrocos";"Grupo C";"12";"13";"false"
"MAR-14";"234";"Marrocos";"Grupo C";"12";"14";"false"
"MAR-15";"235";"Marrocos";"Grupo C";"12";"15";"false"
"MAR-16";"236";"Marrocos";"Grupo C";"12";"16";"false"
"MAR-17";"237";"Marrocos";"Grupo C";"12";"17";"false"
"MAR-18";"238";"Marrocos";"Grupo C";"12";"18";"false"
"MAR-19";"239";"Marrocos";"Grupo C";"12";"19";"false"
"MAR-20";"240";"Marrocos";"Grupo C";"12";"20";"false"
"AUS-1";"241";"Austrália";"Grupo D";"13";"1";"false"
"AUS-2";"242";"Austrália";"Grupo D";"13";"2";"false"
"AUS-3";"243";"Austrália";"Grupo D";"13";"3";"false"
"AUS-4";"244";"Austrália";"Grupo D";"13";"4";"false"
"AUS-5";"245";"Austrália";"Grupo D";"13";"5";"false"
"AUS-6";"246";"Austrália";"Grupo D";"13";"6";"false"
"AUS-7";"247";"Austrália";"Grupo D";"13";"7";"false"
"AUS-8";"248";"Austrália";"Grupo D";"13";"8";"false"
"AUS-9";"249";"Austrália";"Grupo D";"13";"9";"false"
"AUS-10";"250";"Austrália";"Grupo D";"13";"10";"false"
"AUS-11";"251";"Austrália";"Grupo D";"13";"11";"false"
"AUS-12";"252";"Austrália";"Grupo D";"13";"12";"false"
"AUS-13";"253";"Austrália";"Grupo D";"13";"13";"false"
"AUS-14";"254";"Austrália";"Grupo D";"13";"14";"false"
"AUS-15";"255";"Austrália";"Grupo D";"13";"15";"false"
"AUS-16";"256";"Austrália";"Grupo D";"13";"16";"false"
"AUS-17";"257";"Austrália";"Grupo D";"13";"17";"false"
"AUS-18";"258";"Austrália";"Grupo D";"13";"18";"false"
"AUS-19";"259";"Austrália";"Grupo D";"13";"19";"false"
"AUS-20";"260";"Austrália";"Grupo D";"13";"20";"false"
"USA-1";"261";"Estados Unidos";"Grupo D";"14";"1";"false"
"USA-2";"262";"Estados Unidos";"Grupo D";"14";"2";"false"
"USA-3";"263";"Estados Unidos";"Grupo D";"14";"3";"false"
"USA-4";"264";"Estados Unidos";"Grupo D";"14";"4";"false"
"USA-5";"265";"Estados Unidos";"Grupo D";"14";"5";"false"
"USA-6";"266";"Estados Unidos";"Grupo D";"14";"6";"false"
"USA-7";"267";"Estados Unidos";"Grupo D";"14";"7";"false"
"USA-8";"268";"Estados Unidos";"Grupo D";"14";"8";"false"
"USA-9";"269";"Estados Unidos";"Grupo D";"14";"9";"false"
"USA-10";"270";"Estados Unidos";"Grupo D";"14";"10";"false"
"USA-11";"271";"Estados Unidos";"Grupo D";"14";"11";"false"
"USA-12";"272";"Estados Unidos";"Grupo D";"14";"12";"false"
"USA-13";"273";"Estados Unidos";"Grupo D";"14";"13";"false"
"USA-14";"274";"Estados Unidos";"Grupo D";"14";"14";"false"
"USA-15";"275";"Estados Unidos";"Grupo D";"14";"15";"false"
"USA-16";"276";"Estados Unidos";"Grupo D";"14";"16";"false"
"USA-17";"277";"Estados Unidos";"Grupo D";"14";"17";"false"
"USA-18";"278";"Estados Unidos";"Grupo D";"14";"18";"false"
"USA-19";"279";"Estados Unidos";"Grupo D";"14";"19";"false"
"USA-20";"280";"Estados Unidos";"Grupo D";"14";"20";"false"
"PAR-1";"281";"Paraguai";"Grupo D";"15";"1";"false"
"PAR-2";"282";"Paraguai";"Grupo D";"15";"2";"false"
"PAR-3";"283";"Paraguai";"Grupo D";"15";"3";"false"
"PAR-4";"284";"Paraguai";"Grupo D";"15";"4";"false"
"PAR-5";"285";"Paraguai";"Grupo D";"15";"5";"false"
"PAR-6";"286";"Paraguai";"Grupo D";"15";"6";"false"
"PAR-7";"287";"Paraguai";"Grupo D";"15";"7";"false"
"PAR-8";"288";"Paraguai";"Grupo D";"15";"8";"false"
"PAR-9";"289";"Paraguai";"Grupo D";"15";"9";"false"
"PAR-10";"290";"Paraguai";"Grupo D";"15";"10";"false"
"PAR-11";"291";"Paraguai";"Grupo D";"15";"11";"false"
"PAR-12";"292";"Paraguai";"Grupo D";"15";"12";"false"
"PAR-13";"293";"Paraguai";"Grupo D";"15";"13";"false"
"PAR-14";"294";"Paraguai";"Grupo D";"15";"14";"false"
"PAR-15";"295";"Paraguai";"Grupo D";"15";"15";"false"
"PAR-16";"296";"Paraguai";"Grupo D";"15";"16";"false"
"PAR-17";"297";"Paraguai";"Grupo D";"15";"17";"false"
"PAR-18";"298";"Paraguai";"Grupo D";"15";"18";"false"
"PAR-19";"299";"Paraguai";"Grupo D";"15";"19";"false"
"PAR-20";"300";"Paraguai";"Grupo D";"15";"20";"false"
"TUR-1";"301";"Turquia";"Grupo D";"16";"1";"false"
"TUR-2";"302";"Turquia";"Grupo D";"16";"2";"false"
"TUR-3";"303";"Turquia";"Grupo D";"16";"3";"false"
"TUR-4";"304";"Turquia";"Grupo D";"16";"4";"false"
"TUR-5";"305";"Turquia";"Grupo D";"16";"5";"false"
"TUR-6";"306";"Turquia";"Grupo D";"16";"6";"false"
"TUR-7";"307";"Turquia";"Grupo D";"16";"7";"false"
"TUR-8";"308";"Turquia";"Grupo D";"16";"8";"false"
"TUR-9";"309";"Turquia";"Grupo D";"16";"9";"false"
"TUR-10";"310";"Turquia";"Grupo D";"16";"10";"false"
"TUR-11";"311";"Turquia";"Grupo D";"16";"11";"false"
"TUR-12";"312";"Turquia";"Grupo D";"16";"12";"false"
"TUR-13";"313";"Turquia";"Grupo D";"16";"13";"false"
"TUR-14";"314";"Turquia";"Grupo D";"16";"14";"false"
"TUR-15";"315";"Turquia";"Grupo D";"16";"15";"false"
"TUR-16";"316";"Turquia";"Grupo D";"16";"16";"false"
"TUR-17";"317";"Turquia";"Grupo D";"16";"17";"false"
"TUR-18";"318";"Turquia";"Grupo D";"16";"18";"false"
"TUR-19";"319";"Turquia";"Grupo D";"16";"19";"false"
"TUR-20";"320";"Turquia";"Grupo D";"16";"20";"false"
"GER-1";"321";"Alemanha";"Grupo E";"17";"1";"false"
"GER-2";"322";"Alemanha";"Grupo E";"17";"2";"false"
"GER-3";"323";"Alemanha";"Grupo E";"17";"3";"false"
"GER-4";"324";"Alemanha";"Grupo E";"17";"4";"false"
"GER-5";"325";"Alemanha";"Grupo E";"17";"5";"false"
"GER-6";"326";"Alemanha";"Grupo E";"17";"6";"false"
"GER-7";"327";"Alemanha";"Grupo E";"17";"7";"false"
"GER-8";"328";"Alemanha";"Grupo E";"17";"8";"false"
"GER-9";"329";"Alemanha";"Grupo E";"17";"9";"false"
"GER-10";"330";"Alemanha";"Grupo E";"17";"10";"false"
"GER-11";"331";"Alemanha";"Grupo E";"17";"11";"false"
"GER-12";"332";"Alemanha";"Grupo E";"17";"12";"false"
"GER-13";"333";"Alemanha";"Grupo E";"17";"13";"false"
"GER-14";"334";"Alemanha";"Grupo E";"17";"14";"false"
"GER-15";"335";"Alemanha";"Grupo E";"17";"15";"false"
"GER-16";"336";"Alemanha";"Grupo E";"17";"16";"false"
"GER-17";"337";"Alemanha";"Grupo E";"17";"17";"false"
"GER-18";"338";"Alemanha";"Grupo E";"17";"18";"false"
"GER-19";"339";"Alemanha";"Grupo E";"17";"19";"false"
"GER-20";"340";"Alemanha";"Grupo E";"17";"20";"false"
"CIV-1";"341";"Costa do Marfim";"Grupo E";"18";"1";"false"
"CIV-2";"342";"Costa do Marfim";"Grupo E";"18";"2";"false"
"CIV-3";"343";"Costa do Marfim";"Grupo E";"18";"3";"false"
"CIV-4";"344";"Costa do Marfim";"Grupo E";"18";"4";"false"
"CIV-5";"345";"Costa do Marfim";"Grupo E";"18";"5";"false"
"CIV-6";"346";"Costa do Marfim";"Grupo E";"18";"6";"false"
"CIV-7";"347";"Costa do Marfim";"Grupo E";"18";"7";"false"
"CIV-8";"348";"Costa do Marfim";"Grupo E";"18";"8";"false"
"CIV-9";"349";"Costa do Marfim";"Grupo E";"18";"9";"false"
"CIV-10";"350";"Costa do Marfim";"Grupo E";"18";"10";"false"
"CIV-11";"351";"Costa do Marfim";"Grupo E";"18";"11";"false"
"CIV-12";"352";"Costa do Marfim";"Grupo E";"18";"12";"false"
"CIV-13";"353";"Costa do Marfim";"Grupo E";"18";"13";"false"
"CIV-14";"354";"Costa do Marfim";"Grupo E";"18";"14";"false"
"CIV-15";"355";"Costa do Marfim";"Grupo E";"18";"15";"false"
"CIV-16";"356";"Costa do Marfim";"Grupo E";"18";"16";"false"
"CIV-17";"357";"Costa do Marfim";"Grupo E";"18";"17";"false"
"CIV-18";"358";"Costa do Marfim";"Grupo E";"18";"18";"false"
"CIV-19";"359";"Costa do Marfim";"Grupo E";"18";"19";"false"
"CIV-20";"360";"Costa do Marfim";"Grupo E";"18";"20";"false"
"CUW-1";"361";"Curaçao";"Grupo E";"19";"1";"false"
"CUW-2";"362";"Curaçao";"Grupo E";"19";"2";"false"
"CUW-3";"363";"Curaçao";"Grupo E";"19";"3";"false"
"CUW-4";"364";"Curaçao";"Grupo E";"19";"4";"false"
"CUW-5";"365";"Curaçao";"Grupo E";"19";"5";"false"
"CUW-6";"366";"Curaçao";"Grupo E";"19";"6";"false"
"CUW-7";"367";"Curaçao";"Grupo E";"19";"7";"false"
"CUW-8";"368";"Curaçao";"Grupo E";"19";"8";"false"
"CUW-9";"369";"Curaçao";"Grupo E";"19";"9";"false"
"CUW-10";"370";"Curaçao";"Grupo E";"19";"10";"false"
"CUW-11";"371";"Curaçao";"Grupo E";"19";"11";"false"
"CUW-12";"372";"Curaçao";"Grupo E";"19";"12";"false"
"CUW-13";"373";"Curaçao";"Grupo E";"19";"13";"false"
"CUW-14";"374";"Curaçao";"Grupo E";"19";"14";"false"
"CUW-15";"375";"Curaçao";"Grupo E";"19";"15";"false"
"CUW-16";"376";"Curaçao";"Grupo E";"19";"16";"false"
"CUW-17";"377";"Curaçao";"Grupo E";"19";"17";"false"
"CUW-18";"378";"Curaçao";"Grupo E";"19";"18";"false"
"CUW-19";"379";"Curaçao";"Grupo E";"19";"19";"false"
"CUW-20";"380";"Curaçao";"Grupo E";"19";"20";"false"
"ECU-1";"381";"Equador";"Grupo E";"20";"1";"false"
"ECU-2";"382";"Equador";"Grupo E";"20";"2";"false"
"ECU-3";"383";"Equador";"Grupo E";"20";"3";"false"
"ECU-4";"384";"Equador";"Grupo E";"20";"4";"false"
"ECU-5";"385";"Equador";"Grupo E";"20";"5";"false"
"ECU-6";"386";"Equador";"Grupo E";"20";"6";"false"
"ECU-7";"387";"Equador";"Grupo E";"20";"7";"false"
"ECU-8";"388";"Equador";"Grupo E";"20";"8";"false"
"ECU-9";"389";"Equador";"Grupo E";"20";"9";"false"
"ECU-10";"390";"Equador";"Grupo E";"20";"10";"false"
"ECU-11";"391";"Equador";"Grupo E";"20";"11";"false"
"ECU-12";"392";"Equador";"Grupo E";"20";"12";"false"
"ECU-13";"393";"Equador";"Grupo E";"20";"13";"false"
"ECU-14";"394";"Equador";"Grupo E";"20";"14";"false"
"ECU-15";"395";"Equador";"Grupo E";"20";"15";"false"
"ECU-16";"396";"Equador";"Grupo E";"20";"16";"false"
"ECU-17";"397";"Equador";"Grupo E";"20";"17";"false"
"ECU-18";"398";"Equador";"Grupo E";"20";"18";"false"
"ECU-19";"399";"Equador";"Grupo E";"20";"19";"false"
"ECU-20";"400";"Equador";"Grupo E";"20";"20";"false"
"NED-1";"401";"Holanda";"Grupo F";"21";"1";"false"
"NED-2";"402";"Holanda";"Grupo F";"21";"2";"false"
"NED-3";"403";"Holanda";"Grupo F";"21";"3";"false"
"NED-4";"404";"Holanda";"Grupo F";"21";"4";"false"
"NED-5";"405";"Holanda";"Grupo F";"21";"5";"false"
"NED-6";"406";"Holanda";"Grupo F";"21";"6";"false"
"NED-7";"407";"Holanda";"Grupo F";"21";"7";"false"
"NED-8";"408";"Holanda";"Grupo F";"21";"8";"false"
"NED-9";"409";"Holanda";"Grupo F";"21";"9";"false"
"NED-10";"410";"Holanda";"Grupo F";"21";"10";"false"
"NED-11";"411";"Holanda";"Grupo F";"21";"11";"false"
"NED-12";"412";"Holanda";"Grupo F";"21";"12";"false"
"NED-13";"413";"Holanda";"Grupo F";"21";"13";"false"
"NED-14";"414";"Holanda";"Grupo F";"21";"14";"false"
"NED-15";"415";"Holanda";"Grupo F";"21";"15";"false"
"NED-16";"416";"Holanda";"Grupo F";"21";"16";"false"
"NED-17";"417";"Holanda";"Grupo F";"21";"17";"false"
"NED-18";"418";"Holanda";"Grupo F";"21";"18";"false"
"NED-19";"419";"Holanda";"Grupo F";"21";"19";"false"
"NED-20";"420";"Holanda";"Grupo F";"21";"20";"false"
"JPN-1";"421";"Japão";"Grupo F";"22";"1";"false"
"JPN-2";"422";"Japão";"Grupo F";"22";"2";"false"
"JPN-3";"423";"Japão";"Grupo F";"22";"3";"false"
"JPN-4";"424";"Japão";"Grupo F";"22";"4";"false"
"JPN-5";"425";"Japão";"Grupo F";"22";"5";"false"
"JPN-6";"426";"Japão";"Grupo F";"22";"6";"false"
"JPN-7";"427";"Japão";"Grupo F";"22";"7";"false"
"JPN-8";"428";"Japão";"Grupo F";"22";"8";"false"
"JPN-9";"429";"Japão";"Grupo F";"22";"9";"false"
"JPN-10";"430";"Japão";"Grupo F";"22";"10";"false"
"JPN-11";"431";"Japão";"Grupo F";"22";"11";"false"
"JPN-12";"432";"Japão";"Grupo F";"22";"12";"false"
"JPN-13";"433";"Japão";"Grupo F";"22";"13";"false"
"JPN-14";"434";"Japão";"Grupo F";"22";"14";"false"
"JPN-15";"435";"Japão";"Grupo F";"22";"15";"false"
"JPN-16";"436";"Japão";"Grupo F";"22";"16";"false"
"JPN-17";"437";"Japão";"Grupo F";"22";"17";"false"
"JPN-18";"438";"Japão";"Grupo F";"22";"18";"false"
"JPN-19";"439";"Japão";"Grupo F";"22";"19";"false"
"JPN-20";"440";"Japão";"Grupo F";"22";"20";"false"
"SWE-1";"441";"Suécia";"Grupo F";"23";"1";"false"
"SWE-2";"442";"Suécia";"Grupo F";"23";"2";"false"
"SWE-3";"443";"Suécia";"Grupo F";"23";"3";"false"
"SWE-4";"444";"Suécia";"Grupo F";"23";"4";"false"
"SWE-5";"445";"Suécia";"Grupo F";"23";"5";"false"
"SWE-6";"446";"Suécia";"Grupo F";"23";"6";"false"
"SWE-7";"447";"Suécia";"Grupo F";"23";"7";"false"
"SWE-8";"448";"Suécia";"Grupo F";"23";"8";"false"
"SWE-9";"449";"Suécia";"Grupo F";"23";"9";"false"
"SWE-10";"450";"Suécia";"Grupo F";"23";"10";"false"
"SWE-11";"451";"Suécia";"Grupo F";"23";"11";"false"
"SWE-12";"452";"Suécia";"Grupo F";"23";"12";"false"
"SWE-13";"453";"Suécia";"Grupo F";"23";"13";"false"
"SWE-14";"454";"Suécia";"Grupo F";"23";"14";"false"
"SWE-15";"455";"Suécia";"Grupo F";"23";"15";"false"
"SWE-16";"456";"Suécia";"Grupo F";"23";"16";"false"
"SWE-17";"457";"Suécia";"Grupo F";"23";"17";"false"
"SWE-18";"458";"Suécia";"Grupo F";"23";"18";"false"
"SWE-19";"459";"Suécia";"Grupo F";"23";"19";"false"
"SWE-20";"460";"Suécia";"Grupo F";"23";"20";"false"
"TUN-1";"461";"Tunísia";"Grupo F";"24";"1";"false"
"TUN-2";"462";"Tunísia";"Grupo F";"24";"2";"false"
"TUN-3";"463";"Tunísia";"Grupo F";"24";"3";"false"
"TUN-4";"464";"Tunísia";"Grupo F";"24";"4";"false"
"TUN-5";"465";"Tunísia";"Grupo F";"24";"5";"false"
"TUN-6";"466";"Tunísia";"Grupo F";"24";"6";"false"
"TUN-7";"467";"Tunísia";"Grupo F";"24";"7";"false"
"TUN-8";"468";"Tunísia";"Grupo F";"24";"8";"false"
"TUN-9";"469";"Tunísia";"Grupo F";"24";"9";"false"
"TUN-10";"470";"Tunísia";"Grupo F";"24";"10";"false"
"TUN-11";"471";"Tunísia";"Grupo F";"24";"11";"false"
"TUN-12";"472";"Tunísia";"Grupo F";"24";"12";"false"
"TUN-13";"473";"Tunísia";"Grupo F";"24";"13";"false"
"TUN-14";"474";"Tunísia";"Grupo F";"24";"14";"false"
"TUN-15";"475";"Tunísia";"Grupo F";"24";"15";"false"
"TUN-16";"476";"Tunísia";"Grupo F";"24";"16";"false"
"TUN-17";"477";"Tunísia";"Grupo F";"24";"17";"false"
"TUN-18";"478";"Tunísia";"Grupo F";"24";"18";"false"
"TUN-19";"479";"Tunísia";"Grupo F";"24";"19";"false"
"TUN-20";"480";"Tunísia";"Grupo F";"24";"20";"false"
"BEL-1";"481";"Bélgica";"Grupo G";"25";"1";"false"
"BEL-2";"482";"Bélgica";"Grupo G";"25";"2";"false"
"BEL-3";"483";"Bélgica";"Grupo G";"25";"3";"false"
"BEL-4";"484";"Bélgica";"Grupo G";"25";"4";"false"
"BEL-5";"485";"Bélgica";"Grupo G";"25";"5";"false"
"BEL-6";"486";"Bélgica";"Grupo G";"25";"6";"false"
"BEL-7";"487";"Bélgica";"Grupo G";"25";"7";"false"
"BEL-8";"488";"Bélgica";"Grupo G";"25";"8";"false"
"BEL-9";"489";"Bélgica";"Grupo G";"25";"9";"false"
"BEL-10";"490";"Bélgica";"Grupo G";"25";"10";"false"
"BEL-11";"491";"Bélgica";"Grupo G";"25";"11";"false"
"BEL-12";"492";"Bélgica";"Grupo G";"25";"12";"false"
"BEL-13";"493";"Bélgica";"Grupo G";"25";"13";"false"
"BEL-14";"494";"Bélgica";"Grupo G";"25";"14";"false"
"BEL-15";"495";"Bélgica";"Grupo G";"25";"15";"false"
"BEL-16";"496";"Bélgica";"Grupo G";"25";"16";"false"
"BEL-17";"497";"Bélgica";"Grupo G";"25";"17";"false"
"BEL-18";"498";"Bélgica";"Grupo G";"25";"18";"false"
"BEL-19";"499";"Bélgica";"Grupo G";"25";"19";"false"
"BEL-20";"500";"Bélgica";"Grupo G";"25";"20";"false"
"EGY-1";"501";"Egito";"Grupo G";"26";"1";"false"
"EGY-2";"502";"Egito";"Grupo G";"26";"2";"false"
"EGY-3";"503";"Egito";"Grupo G";"26";"3";"false"
"EGY-4";"504";"Egito";"Grupo G";"26";"4";"false"
"EGY-5";"505";"Egito";"Grupo G";"26";"5";"false"
"EGY-6";"506";"Egito";"Grupo G";"26";"6";"false"
"EGY-7";"507";"Egito";"Grupo G";"26";"7";"false"
"EGY-8";"508";"Egito";"Grupo G";"26";"8";"false"
"EGY-9";"509";"Egito";"Grupo G";"26";"9";"false"
"EGY-10";"510";"Egito";"Grupo G";"26";"10";"false"
"EGY-11";"511";"Egito";"Grupo G";"26";"11";"false"
"EGY-12";"512";"Egito";"Grupo G";"26";"12";"false"
"EGY-13";"513";"Egito";"Grupo G";"26";"13";"false"
"EGY-14";"514";"Egito";"Grupo G";"26";"14";"false"
"EGY-15";"515";"Egito";"Grupo G";"26";"15";"false"
"EGY-16";"516";"Egito";"Grupo G";"26";"16";"false"
"EGY-17";"517";"Egito";"Grupo G";"26";"17";"false"
"EGY-18";"518";"Egito";"Grupo G";"26";"18";"false"
"EGY-19";"519";"Egito";"Grupo G";"26";"19";"false"
"EGY-20";"520";"Egito";"Grupo G";"26";"20";"false"
"IRN-1";"521";"Irã";"Grupo G";"27";"1";"false"
"IRN-2";"522";"Irã";"Grupo G";"27";"2";"false"
"IRN-3";"523";"Irã";"Grupo G";"27";"3";"false"
"IRN-4";"524";"Irã";"Grupo G";"27";"4";"false"
"IRN-5";"525";"Irã";"Grupo G";"27";"5";"false"
"IRN-6";"526";"Irã";"Grupo G";"27";"6";"false"
"IRN-7";"527";"Irã";"Grupo G";"27";"7";"false"
"IRN-8";"528";"Irã";"Grupo G";"27";"8";"false"
"IRN-9";"529";"Irã";"Grupo G";"27";"9";"false"
"IRN-10";"530";"Irã";"Grupo G";"27";"10";"false"
"IRN-11";"531";"Irã";"Grupo G";"27";"11";"false"
"IRN-12";"532";"Irã";"Grupo G";"27";"12";"false"
"IRN-13";"533";"Irã";"Grupo G";"27";"13";"false"
"IRN-14";"534";"Irã";"Grupo G";"27";"14";"false"
"IRN-15";"535";"Irã";"Grupo G";"27";"15";"false"
"IRN-16";"536";"Irã";"Grupo G";"27";"16";"false"
"IRN-17";"537";"Irã";"Grupo G";"27";"17";"false"
"IRN-18";"538";"Irã";"Grupo G";"27";"18";"false"
"IRN-19";"539";"Irã";"Grupo G";"27";"19";"false"
"IRN-20";"540";"Irã";"Grupo G";"27";"20";"false"
"NZL-1";"541";"Nova Zelândia";"Grupo G";"28";"1";"false"
"NZL-2";"542";"Nova Zelândia";"Grupo G";"28";"2";"false"
"NZL-3";"543";"Nova Zelândia";"Grupo G";"28";"3";"false"
"NZL-4";"544";"Nova Zelândia";"Grupo G";"28";"4";"false"
"NZL-5";"545";"Nova Zelândia";"Grupo G";"28";"5";"false"
"NZL-6";"546";"Nova Zelândia";"Grupo G";"28";"6";"false"
"NZL-7";"547";"Nova Zelândia";"Grupo G";"28";"7";"false"
"NZL-8";"548";"Nova Zelândia";"Grupo G";"28";"8";"false"
"NZL-9";"549";"Nova Zelândia";"Grupo G";"28";"9";"false"
"NZL-10";"550";"Nova Zelândia";"Grupo G";"28";"10";"false"
"NZL-11";"551";"Nova Zelândia";"Grupo G";"28";"11";"false"
"NZL-12";"552";"Nova Zelândia";"Grupo G";"28";"12";"false"
"NZL-13";"553";"Nova Zelândia";"Grupo G";"28";"13";"false"
"NZL-14";"554";"Nova Zelândia";"Grupo G";"28";"14";"false"
"NZL-15";"555";"Nova Zelândia";"Grupo G";"28";"15";"false"
"NZL-16";"556";"Nova Zelândia";"Grupo G";"28";"16";"false"
"NZL-17";"557";"Nova Zelândia";"Grupo G";"28";"17";"false"
"NZL-18";"558";"Nova Zelândia";"Grupo G";"28";"18";"false"
"NZL-19";"559";"Nova Zelândia";"Grupo G";"28";"19";"false"
"NZL-20";"560";"Nova Zelândia";"Grupo G";"28";"20";"false"
"KSA-1";"561";"Arábia Saudita";"Grupo H";"29";"1";"false"
"KSA-2";"562";"Arábia Saudita";"Grupo H";"29";"2";"false"
"KSA-3";"563";"Arábia Saudita";"Grupo H";"29";"3";"false"
"KSA-4";"564";"Arábia Saudita";"Grupo H";"29";"4";"false"
"KSA-5";"565";"Arábia Saudita";"Grupo H";"29";"5";"false"
"KSA-6";"566";"Arábia Saudita";"Grupo H";"29";"6";"false"
"KSA-7";"567";"Arábia Saudita";"Grupo H";"29";"7";"false"
"KSA-8";"568";"Arábia Saudita";"Grupo H";"29";"8";"false"
"KSA-9";"569";"Arábia Saudita";"Grupo H";"29";"9";"false"
"KSA-10";"570";"Arábia Saudita";"Grupo H";"29";"10";"false"
"KSA-11";"571";"Arábia Saudita";"Grupo H";"29";"11";"false"
"KSA-12";"572";"Arábia Saudita";"Grupo H";"29";"12";"false"
"KSA-13";"573";"Arábia Saudita";"Grupo H";"29";"13";"false"
"KSA-14";"574";"Arábia Saudita";"Grupo H";"29";"14";"false"
"KSA-15";"575";"Arábia Saudita";"Grupo H";"29";"15";"false"
"KSA-16";"576";"Arábia Saudita";"Grupo H";"29";"16";"false"
"KSA-17";"577";"Arábia Saudita";"Grupo H";"29";"17";"false"
"KSA-18";"578";"Arábia Saudita";"Grupo H";"29";"18";"false"
"KSA-19";"579";"Arábia Saudita";"Grupo H";"29";"19";"false"
"KSA-20";"580";"Arábia Saudita";"Grupo H";"29";"20";"false"
"CPV-1";"581";"Cabo Verde";"Grupo H";"30";"1";"false"
"CPV-2";"582";"Cabo Verde";"Grupo H";"30";"2";"false"
"CPV-3";"583";"Cabo Verde";"Grupo H";"30";"3";"false"
"CPV-4";"584";"Cabo Verde";"Grupo H";"30";"4";"false"
"CPV-5";"585";"Cabo Verde";"Grupo H";"30";"5";"false"
"CPV-6";"586";"Cabo Verde";"Grupo H";"30";"6";"false"
"CPV-7";"587";"Cabo Verde";"Grupo H";"30";"7";"false"
"CPV-8";"588";"Cabo Verde";"Grupo H";"30";"8";"false"
"CPV-9";"589";"Cabo Verde";"Grupo H";"30";"9";"false"
"CPV-10";"590";"Cabo Verde";"Grupo H";"30";"10";"false"
"CPV-11";"591";"Cabo Verde";"Grupo H";"30";"11";"false"
"CPV-12";"592";"Cabo Verde";"Grupo H";"30";"12";"false"
"CPV-13";"593";"Cabo Verde";"Grupo H";"30";"13";"false"
"CPV-14";"594";"Cabo Verde";"Grupo H";"30";"14";"false"
"CPV-15";"595";"Cabo Verde";"Grupo H";"30";"15";"false"
"CPV-16";"596";"Cabo Verde";"Grupo H";"30";"16";"false"
"CPV-17";"597";"Cabo Verde";"Grupo H";"30";"17";"false"
"CPV-18";"598";"Cabo Verde";"Grupo H";"30";"18";"false"
"CPV-19";"599";"Cabo Verde";"Grupo H";"30";"19";"false"
"CPV-20";"600";"Cabo Verde";"Grupo H";"30";"20";"false"
"ESP-1";"601";"Espanha";"Grupo H";"31";"1";"false"
"ESP-2";"602";"Espanha";"Grupo H";"31";"2";"false"
"ESP-3";"603";"Espanha";"Grupo H";"31";"3";"false"
"ESP-4";"604";"Espanha";"Grupo H";"31";"4";"false"
"ESP-5";"605";"Espanha";"Grupo H";"31";"5";"false"
"ESP-6";"606";"Espanha";"Grupo H";"31";"6";"false"
"ESP-7";"607";"Espanha";"Grupo H";"31";"7";"false"
"ESP-8";"608";"Espanha";"Grupo H";"31";"8";"false"
"ESP-9";"609";"Espanha";"Grupo H";"31";"9";"false"
"ESP-10";"610";"Espanha";"Grupo H";"31";"10";"false"
"ESP-11";"611";"Espanha";"Grupo H";"31";"11";"false"
"ESP-12";"612";"Espanha";"Grupo H";"31";"12";"false"
"ESP-13";"613";"Espanha";"Grupo H";"31";"13";"false"
"ESP-14";"614";"Espanha";"Grupo H";"31";"14";"false"
"ESP-15";"615";"Espanha";"Grupo H";"31";"15";"false"
"ESP-16";"616";"Espanha";"Grupo H";"31";"16";"false"
"ESP-17";"617";"Espanha";"Grupo H";"31";"17";"false"
"ESP-18";"618";"Espanha";"Grupo H";"31";"18";"false"
"ESP-19";"619";"Espanha";"Grupo H";"31";"19";"false"
"ESP-20";"620";"Espanha";"Grupo H";"31";"20";"false"
"URU-1";"621";"Uruguai";"Grupo H";"32";"1";"false"
"URU-2";"622";"Uruguai";"Grupo H";"32";"2";"false"
"URU-3";"623";"Uruguai";"Grupo H";"32";"3";"false"
"URU-4";"624";"Uruguai";"Grupo H";"32";"4";"false"
"URU-5";"625";"Uruguai";"Grupo H";"32";"5";"false"
"URU-6";"626";"Uruguai";"Grupo H";"32";"6";"false"
"URU-7";"627";"Uruguai";"Grupo H";"32";"7";"false"
"URU-8";"628";"Uruguai";"Grupo H";"32";"8";"false"
"URU-9";"629";"Uruguai";"Grupo H";"32";"9";"false"
"URU-10";"630";"Uruguai";"Grupo H";"32";"10";"false"
"URU-11";"631";"Uruguai";"Grupo H";"32";"11";"false"
"URU-12";"632";"Uruguai";"Grupo H";"32";"12";"false"
"URU-13";"633";"Uruguai";"Grupo H";"32";"13";"false"
"URU-14";"634";"Uruguai";"Grupo H";"32";"14";"false"
"URU-15";"635";"Uruguai";"Grupo H";"32";"15";"false"
"URU-16";"636";"Uruguai";"Grupo H";"32";"16";"false"
"URU-17";"637";"Uruguai";"Grupo H";"32";"17";"false"
"URU-18";"638";"Uruguai";"Grupo H";"32";"18";"false"
"URU-19";"639";"Uruguai";"Grupo H";"32";"19";"false"
"URU-20";"640";"Uruguai";"Grupo H";"32";"20";"false"
"FRA-1";"641";"França";"Grupo I";"33";"1";"false"
"FRA-2";"642";"França";"Grupo I";"33";"2";"false"
"FRA-3";"643";"França";"Grupo I";"33";"3";"false"
"FRA-4";"644";"França";"Grupo I";"33";"4";"false"
"FRA-5";"645";"França";"Grupo I";"33";"5";"false"
"FRA-6";"646";"França";"Grupo I";"33";"6";"false"
"FRA-7";"647";"França";"Grupo I";"33";"7";"false"
"FRA-8";"648";"França";"Grupo I";"33";"8";"false"
"FRA-9";"649";"França";"Grupo I";"33";"9";"false"
"FRA-10";"650";"França";"Grupo I";"33";"10";"false"
"FRA-11";"651";"França";"Grupo I";"33";"11";"false"
"FRA-12";"652";"França";"Grupo I";"33";"12";"false"
"FRA-13";"653";"França";"Grupo I";"33";"13";"false"
"FRA-14";"654";"França";"Grupo I";"33";"14";"false"
"FRA-15";"655";"França";"Grupo I";"33";"15";"false"
"FRA-16";"656";"França";"Grupo I";"33";"16";"false"
"FRA-17";"657";"França";"Grupo I";"33";"17";"false"
"FRA-18";"658";"França";"Grupo I";"33";"18";"false"
"FRA-19";"659";"França";"Grupo I";"33";"19";"false"
"FRA-20";"660";"França";"Grupo I";"33";"20";"false"
"IRQ-1";"661";"Iraque";"Grupo I";"34";"1";"false"
"IRQ-2";"662";"Iraque";"Grupo I";"34";"2";"false"
"IRQ-3";"663";"Iraque";"Grupo I";"34";"3";"false"
"IRQ-4";"664";"Iraque";"Grupo I";"34";"4";"false"
"IRQ-5";"665";"Iraque";"Grupo I";"34";"5";"false"
"IRQ-6";"666";"Iraque";"Grupo I";"34";"6";"false"
"IRQ-7";"667";"Iraque";"Grupo I";"34";"7";"false"
"IRQ-8";"668";"Iraque";"Grupo I";"34";"8";"false"
"IRQ-9";"669";"Iraque";"Grupo I";"34";"9";"false"
"IRQ-10";"670";"Iraque";"Grupo I";"34";"10";"false"
"IRQ-11";"671";"Iraque";"Grupo I";"34";"11";"false"
"IRQ-12";"672";"Iraque";"Grupo I";"34";"12";"false"
"IRQ-13";"673";"Iraque";"Grupo I";"34";"13";"false"
"IRQ-14";"674";"Iraque";"Grupo I";"34";"14";"false"
"IRQ-15";"675";"Iraque";"Grupo I";"34";"15";"false"
"IRQ-16";"676";"Iraque";"Grupo I";"34";"16";"false"
"IRQ-17";"677";"Iraque";"Grupo I";"34";"17";"false"
"IRQ-18";"678";"Iraque";"Grupo I";"34";"18";"false"
"IRQ-19";"679";"Iraque";"Grupo I";"34";"19";"false"
"IRQ-20";"680";"Iraque";"Grupo I";"34";"20";"false"
"NOR-1";"681";"Noruega";"Grupo I";"35";"1";"false"
"NOR-2";"682";"Noruega";"Grupo I";"35";"2";"false"
"NOR-3";"683";"Noruega";"Grupo I";"35";"3";"false"
"NOR-4";"684";"Noruega";"Grupo I";"35";"4";"false"
"NOR-5";"685";"Noruega";"Grupo I";"35";"5";"false"
"NOR-6";"686";"Noruega";"Grupo I";"35";"6";"false"
"NOR-7";"687";"Noruega";"Grupo I";"35";"7";"false"
"NOR-8";"688";"Noruega";"Grupo I";"35";"8";"false"
"NOR-9";"689";"Noruega";"Grupo I";"35";"9";"false"
"NOR-10";"690";"Noruega";"Grupo I";"35";"10";"false"
"NOR-11";"691";"Noruega";"Grupo I";"35";"11";"false"
"NOR-12";"692";"Noruega";"Grupo I";"35";"12";"false"
"NOR-13";"693";"Noruega";"Grupo I";"35";"13";"false"
"NOR-14";"694";"Noruega";"Grupo I";"35";"14";"false"
"NOR-15";"695";"Noruega";"Grupo I";"35";"15";"false"
"NOR-16";"696";"Noruega";"Grupo I";"35";"16";"false"
"NOR-17";"697";"Noruega";"Grupo I";"35";"17";"false"
"NOR-18";"698";"Noruega";"Grupo I";"35";"18";"false"
"NOR-19";"699";"Noruega";"Grupo I";"35";"19";"false"
"NOR-20";"700";"Noruega";"Grupo I";"35";"20";"false"
"SEN-1";"701";"Senegal";"Grupo I";"36";"1";"false"
"SEN-2";"702";"Senegal";"Grupo I";"36";"2";"false"
"SEN-3";"703";"Senegal";"Grupo I";"36";"3";"false"
"SEN-4";"704";"Senegal";"Grupo I";"36";"4";"false"
"SEN-5";"705";"Senegal";"Grupo I";"36";"5";"false"
"SEN-6";"706";"Senegal";"Grupo I";"36";"6";"false"
"SEN-7";"707";"Senegal";"Grupo I";"36";"7";"false"
"SEN-8";"708";"Senegal";"Grupo I";"36";"8";"false"
"SEN-9";"709";"Senegal";"Grupo I";"36";"9";"false"
"SEN-10";"710";"Senegal";"Grupo I";"36";"10";"false"
"SEN-11";"711";"Senegal";"Grupo I";"36";"11";"false"
"SEN-12";"712";"Senegal";"Grupo I";"36";"12";"false"
"SEN-13";"713";"Senegal";"Grupo I";"36";"13";"false"
"SEN-14";"714";"Senegal";"Grupo I";"36";"14";"false"
"SEN-15";"715";"Senegal";"Grupo I";"36";"15";"false"
"SEN-16";"716";"Senegal";"Grupo I";"36";"16";"false"
"SEN-17";"717";"Senegal";"Grupo I";"36";"17";"false"
"SEN-18";"718";"Senegal";"Grupo I";"36";"18";"false"
"SEN-19";"719";"Senegal";"Grupo I";"36";"19";"false"
"SEN-20";"720";"Senegal";"Grupo I";"36";"20";"false"
"ALG-1";"721";"Argélia";"Grupo J";"37";"1";"false"
"ALG-2";"722";"Argélia";"Grupo J";"37";"2";"false"
"ALG-3";"723";"Argélia";"Grupo J";"37";"3";"false"
"ALG-4";"724";"Argélia";"Grupo J";"37";"4";"false"
"ALG-5";"725";"Argélia";"Grupo J";"37";"5";"false"
"ALG-6";"726";"Argélia";"Grupo J";"37";"6";"false"
"ALG-7";"727";"Argélia";"Grupo J";"37";"7";"false"
"ALG-8";"728";"Argélia";"Grupo J";"37";"8";"false"
"ALG-9";"729";"Argélia";"Grupo J";"37";"9";"false"
"ALG-10";"730";"Argélia";"Grupo J";"37";"10";"false"
"ALG-11";"731";"Argélia";"Grupo J";"37";"11";"false"
"ALG-12";"732";"Argélia";"Grupo J";"37";"12";"false"
"ALG-13";"733";"Argélia";"Grupo J";"37";"13";"false"
"ALG-14";"734";"Argélia";"Grupo J";"37";"14";"false"
"ALG-15";"735";"Argélia";"Grupo J";"37";"15";"false"
"ALG-16";"736";"Argélia";"Grupo J";"37";"16";"false"
"ALG-17";"737";"Argélia";"Grupo J";"37";"17";"false"
"ALG-18";"738";"Argélia";"Grupo J";"37";"18";"false"
"ALG-19";"739";"Argélia";"Grupo J";"37";"19";"false"
"ALG-20";"740";"Argélia";"Grupo J";"37";"20";"false"
"ARG-1";"741";"Argentina";"Grupo J";"38";"1";"false"
"ARG-2";"742";"Argentina";"Grupo J";"38";"2";"false"
"ARG-3";"743";"Argentina";"Grupo J";"38";"3";"false"
"ARG-4";"744";"Argentina";"Grupo J";"38";"4";"false"
"ARG-5";"745";"Argentina";"Grupo J";"38";"5";"false"
"ARG-6";"746";"Argentina";"Grupo J";"38";"6";"false"
"ARG-7";"747";"Argentina";"Grupo J";"38";"7";"false"
"ARG-8";"748";"Argentina";"Grupo J";"38";"8";"false"
"ARG-9";"749";"Argentina";"Grupo J";"38";"9";"false"
"ARG-10";"750";"Argentina";"Grupo J";"38";"10";"false"
"ARG-11";"751";"Argentina";"Grupo J";"38";"11";"false"
"ARG-12";"752";"Argentina";"Grupo J";"38";"12";"false"
"ARG-13";"753";"Argentina";"Grupo J";"38";"13";"false"
"ARG-14";"754";"Argentina";"Grupo J";"38";"14";"false"
"ARG-15";"755";"Argentina";"Grupo J";"38";"15";"false"
"ARG-16";"756";"Argentina";"Grupo J";"38";"16";"false"
"ARG-17";"757";"Argentina";"Grupo J";"38";"17";"false"
"ARG-18";"758";"Argentina";"Grupo J";"38";"18";"false"
"ARG-19";"759";"Argentina";"Grupo J";"38";"19";"false"
"ARG-20";"760";"Argentina";"Grupo J";"38";"20";"false"
"AUT-1";"761";"Áustria";"Grupo J";"39";"1";"false"
"AUT-2";"762";"Áustria";"Grupo J";"39";"2";"false"
"AUT-3";"763";"Áustria";"Grupo J";"39";"3";"false"
"AUT-4";"764";"Áustria";"Grupo J";"39";"4";"false"
"AUT-5";"765";"Áustria";"Grupo J";"39";"5";"false"
"AUT-6";"766";"Áustria";"Grupo J";"39";"6";"false"
"AUT-7";"767";"Áustria";"Grupo J";"39";"7";"false"
"AUT-8";"768";"Áustria";"Grupo J";"39";"8";"false"
"AUT-9";"769";"Áustria";"Grupo J";"39";"9";"false"
"AUT-10";"770";"Áustria";"Grupo J";"39";"10";"false"
"AUT-11";"771";"Áustria";"Grupo J";"39";"11";"false"
"AUT-12";"772";"Áustria";"Grupo J";"39";"12";"false"
"AUT-13";"773";"Áustria";"Grupo J";"39";"13";"false"
"AUT-14";"774";"Áustria";"Grupo J";"39";"14";"false"
"AUT-15";"775";"Áustria";"Grupo J";"39";"15";"false"
"AUT-16";"776";"Áustria";"Grupo J";"39";"16";"false"
"AUT-17";"777";"Áustria";"Grupo J";"39";"17";"false"
"AUT-18";"778";"Áustria";"Grupo J";"39";"18";"false"
"AUT-19";"779";"Áustria";"Grupo J";"39";"19";"false"
"AUT-20";"780";"Áustria";"Grupo J";"39";"20";"false"
"JOR-1";"781";"Jordânia";"Grupo J";"40";"1";"false"
"JOR-2";"782";"Jordânia";"Grupo J";"40";"2";"false"
"JOR-3";"783";"Jordânia";"Grupo J";"40";"3";"false"
"JOR-4";"784";"Jordânia";"Grupo J";"40";"4";"false"
"JOR-5";"785";"Jordânia";"Grupo J";"40";"5";"false"
"JOR-6";"786";"Jordânia";"Grupo J";"40";"6";"false"
"JOR-7";"787";"Jordânia";"Grupo J";"40";"7";"false"
"JOR-8";"788";"Jordânia";"Grupo J";"40";"8";"false"
"JOR-9";"789";"Jordânia";"Grupo J";"40";"9";"false"
"JOR-10";"790";"Jordânia";"Grupo J";"40";"10";"false"
"JOR-11";"791";"Jordânia";"Grupo J";"40";"11";"false"
"JOR-12";"792";"Jordânia";"Grupo J";"40";"12";"false"
"JOR-13";"793";"Jordânia";"Grupo J";"40";"13";"false"
"JOR-14";"794";"Jordânia";"Grupo J";"40";"14";"false"
"JOR-15";"795";"Jordânia";"Grupo J";"40";"15";"false"
"JOR-16";"796";"Jordânia";"Grupo J";"40";"16";"false"
"JOR-17";"797";"Jordânia";"Grupo J";"40";"17";"false"
"JOR-18";"798";"Jordânia";"Grupo J";"40";"18";"false"
"JOR-19";"799";"Jordânia";"Grupo J";"40";"19";"false"
"JOR-20";"800";"Jordânia";"Grupo J";"40";"20";"false"
"COL-1";"801";"Colômbia";"Grupo K";"41";"1";"false"
"COL-2";"802";"Colômbia";"Grupo K";"41";"2";"false"
"COL-3";"803";"Colômbia";"Grupo K";"41";"3";"false"
"COL-4";"804";"Colômbia";"Grupo K";"41";"4";"false"
"COL-5";"805";"Colômbia";"Grupo K";"41";"5";"false"
"COL-6";"806";"Colômbia";"Grupo K";"41";"6";"false"
"COL-7";"807";"Colômbia";"Grupo K";"41";"7";"false"
"COL-8";"808";"Colômbia";"Grupo K";"41";"8";"false"
"COL-9";"809";"Colômbia";"Grupo K";"41";"9";"false"
"COL-10";"810";"Colômbia";"Grupo K";"41";"10";"false"
"COL-11";"811";"Colômbia";"Grupo K";"41";"11";"false"
"COL-12";"812";"Colômbia";"Grupo K";"41";"12";"false"
"COL-13";"813";"Colômbia";"Grupo K";"41";"13";"false"
"COL-14";"814";"Colômbia";"Grupo K";"41";"14";"false"
"COL-15";"815";"Colômbia";"Grupo K";"41";"15";"false"
"COL-16";"816";"Colômbia";"Grupo K";"41";"16";"false"
"COL-17";"817";"Colômbia";"Grupo K";"41";"17";"false"
"COL-18";"818";"Colômbia";"Grupo K";"41";"18";"false"
"COL-19";"819";"Colômbia";"Grupo K";"41";"19";"false"
"COL-20";"820";"Colômbia";"Grupo K";"41";"20";"false"
"POR-1";"821";"Portugal";"Grupo K";"42";"1";"false"
"POR-2";"822";"Portugal";"Grupo K";"42";"2";"false"
"POR-3";"823";"Portugal";"Grupo K";"42";"3";"false"
"POR-4";"824";"Portugal";"Grupo K";"42";"4";"false"
"POR-5";"825";"Portugal";"Grupo K";"42";"5";"false"
"POR-6";"826";"Portugal";"Grupo K";"42";"6";"false"
"POR-7";"827";"Portugal";"Grupo K";"42";"7";"false"
"POR-8";"828";"Portugal";"Grupo K";"42";"8";"false"
"POR-9";"829";"Portugal";"Grupo K";"42";"9";"false"
"POR-10";"830";"Portugal";"Grupo K";"42";"10";"false"
"POR-11";"831";"Portugal";"Grupo K";"42";"11";"false"
"POR-12";"832";"Portugal";"Grupo K";"42";"12";"false"
"POR-13";"833";"Portugal";"Grupo K";"42";"13";"false"
"POR-14";"834";"Portugal";"Grupo K";"42";"14";"false"
"POR-15";"835";"Portugal";"Grupo K";"42";"15";"false"
"POR-16";"836";"Portugal";"Grupo K";"42";"16";"false"
"POR-17";"837";"Portugal";"Grupo K";"42";"17";"false"
"POR-18";"838";"Portugal";"Grupo K";"42";"18";"false"
"POR-19";"839";"Portugal";"Grupo K";"42";"19";"false"
"POR-20";"840";"Portugal";"Grupo K";"42";"20";"false"
"COD-1";"841";"RD Congo";"Grupo K";"43";"1";"false"
"COD-2";"842";"RD Congo";"Grupo K";"43";"2";"false"
"COD-3";"843";"RD Congo";"Grupo K";"43";"3";"false"
"COD-4";"844";"RD Congo";"Grupo K";"43";"4";"false"
"COD-5";"845";"RD Congo";"Grupo K";"43";"5";"false"
"COD-6";"846";"RD Congo";"Grupo K";"43";"6";"false"
"COD-7";"847";"RD Congo";"Grupo K";"43";"7";"false"
"COD-8";"848";"RD Congo";"Grupo K";"43";"8";"false"
"COD-9";"849";"RD Congo";"Grupo K";"43";"9";"false"
"COD-10";"850";"RD Congo";"Grupo K";"43";"10";"false"
"COD-11";"851";"RD Congo";"Grupo K";"43";"11";"false"
"COD-12";"852";"RD Congo";"Grupo K";"43";"12";"false"
"COD-13";"853";"RD Congo";"Grupo K";"43";"13";"false"
"COD-14";"854";"RD Congo";"Grupo K";"43";"14";"false"
"COD-15";"855";"RD Congo";"Grupo K";"43";"15";"false"
"COD-16";"856";"RD Congo";"Grupo K";"43";"16";"false"
"COD-17";"857";"RD Congo";"Grupo K";"43";"17";"false"
"COD-18";"858";"RD Congo";"Grupo K";"43";"18";"false"
"COD-19";"859";"RD Congo";"Grupo K";"43";"19";"false"
"COD-20";"860";"RD Congo";"Grupo K";"43";"20";"false"
"UZB-1";"861";"Uzbequistão";"Grupo K";"44";"1";"false"
"UZB-2";"862";"Uzbequistão";"Grupo K";"44";"2";"false"
"UZB-3";"863";"Uzbequistão";"Grupo K";"44";"3";"false"
"UZB-4";"864";"Uzbequistão";"Grupo K";"44";"4";"false"
"UZB-5";"865";"Uzbequistão";"Grupo K";"44";"5";"false"
"UZB-6";"866";"Uzbequistão";"Grupo K";"44";"6";"false"
"UZB-7";"867";"Uzbequistão";"Grupo K";"44";"7";"false"
"UZB-8";"868";"Uzbequistão";"Grupo K";"44";"8";"false"
"UZB-9";"869";"Uzbequistão";"Grupo K";"44";"9";"false"
"UZB-10";"870";"Uzbequistão";"Grupo K";"44";"10";"false"
"UZB-11";"871";"Uzbequistão";"Grupo K";"44";"11";"false"
"UZB-12";"872";"Uzbequistão";"Grupo K";"44";"12";"false"
"UZB-13";"873";"Uzbequistão";"Grupo K";"44";"13";"false"
"UZB-14";"874";"Uzbequistão";"Grupo K";"44";"14";"false"
"UZB-15";"875";"Uzbequistão";"Grupo K";"44";"15";"false"
"UZB-16";"876";"Uzbequistão";"Grupo K";"44";"16";"false"
"UZB-17";"877";"Uzbequistão";"Grupo K";"44";"17";"false"
"UZB-18";"878";"Uzbequistão";"Grupo K";"44";"18";"false"
"UZB-19";"879";"Uzbequistão";"Grupo K";"44";"19";"false"
"UZB-20";"880";"Uzbequistão";"Grupo K";"44";"20";"false"
"CRO-1";"881";"Croácia";"Grupo L";"45";"1";"false"
"CRO-2";"882";"Croácia";"Grupo L";"45";"2";"false"
"CRO-3";"883";"Croácia";"Grupo L";"45";"3";"false"
"CRO-4";"884";"Croácia";"Grupo L";"45";"4";"false"
"CRO-5";"885";"Croácia";"Grupo L";"45";"5";"false"
"CRO-6";"886";"Croácia";"Grupo L";"45";"6";"false"
"CRO-7";"887";"Croácia";"Grupo L";"45";"7";"false"
"CRO-8";"888";"Croácia";"Grupo L";"45";"8";"false"
"CRO-9";"889";"Croácia";"Grupo L";"45";"9";"false"
"CRO-10";"890";"Croácia";"Grupo L";"45";"10";"false"
"CRO-11";"891";"Croácia";"Grupo L";"45";"11";"false"
"CRO-12";"892";"Croácia";"Grupo L";"45";"12";"false"
"CRO-13";"893";"Croácia";"Grupo L";"45";"13";"false"
"CRO-14";"894";"Croácia";"Grupo L";"45";"14";"false"
"CRO-15";"895";"Croácia";"Grupo L";"45";"15";"false"
"CRO-16";"896";"Croácia";"Grupo L";"45";"16";"false"
"CRO-17";"897";"Croácia";"Grupo L";"45";"17";"false"
"CRO-18";"898";"Croácia";"Grupo L";"45";"18";"false"
"CRO-19";"899";"Croácia";"Grupo L";"45";"19";"false"
"CRO-20";"900";"Croácia";"Grupo L";"45";"20";"false"
"GHA-1";"901";"Gana";"Grupo L";"46";"1";"false"
"GHA-2";"902";"Gana";"Grupo L";"46";"2";"false"
"GHA-3";"903";"Gana";"Grupo L";"46";"3";"false"
"GHA-4";"904";"Gana";"Grupo L";"46";"4";"false"
"GHA-5";"905";"Gana";"Grupo L";"46";"5";"false"
"GHA-6";"906";"Gana";"Grupo L";"46";"6";"false"
"GHA-7";"907";"Gana";"Grupo L";"46";"7";"false"
"GHA-8";"908";"Gana";"Grupo L";"46";"8";"false"
"GHA-9";"909";"Gana";"Grupo L";"46";"9";"false"
"GHA-10";"910";"Gana";"Grupo L";"46";"10";"false"
"GHA-11";"911";"Gana";"Grupo L";"46";"11";"false"
"GHA-12";"912";"Gana";"Grupo L";"46";"12";"false"
"GHA-13";"913";"Gana";"Grupo L";"46";"13";"false"
"GHA-14";"914";"Gana";"Grupo L";"46";"14";"false"
"GHA-15";"915";"Gana";"Grupo L";"46";"15";"false"
"GHA-16";"916";"Gana";"Grupo L";"46";"16";"false"
"GHA-17";"917";"Gana";"Grupo L";"46";"17";"false"
"GHA-18";"918";"Gana";"Grupo L";"46";"18";"false"
"GHA-19";"919";"Gana";"Grupo L";"46";"19";"false"
"GHA-20";"920";"Gana";"Grupo L";"46";"20";"false"
"ENG-1";"921";"Inglaterra";"Grupo L";"47";"1";"false"
"ENG-2";"922";"Inglaterra";"Grupo L";"47";"2";"false"
"ENG-3";"923";"Inglaterra";"Grupo L";"47";"3";"false"
"ENG-4";"924";"Inglaterra";"Grupo L";"47";"4";"false"
"ENG-5";"925";"Inglaterra";"Grupo L";"47";"5";"false"
"ENG-6";"926";"Inglaterra";"Grupo L";"47";"6";"false"
"ENG-7";"927";"Inglaterra";"Grupo L";"47";"7";"false"
"ENG-8";"928";"Inglaterra";"Grupo L";"47";"8";"false"
"ENG-9";"929";"Inglaterra";"Grupo L";"47";"9";"false"
"ENG-10";"930";"Inglaterra";"Grupo L";"47";"10";"false"
"ENG-11";"931";"Inglaterra";"Grupo L";"47";"11";"false"
"ENG-12";"932";"Inglaterra";"Grupo L";"47";"12";"false"
"ENG-13";"933";"Inglaterra";"Grupo L";"47";"13";"false"
"ENG-14";"934";"Inglaterra";"Grupo L";"47";"14";"false"
"ENG-15";"935";"Inglaterra";"Grupo L";"47";"15";"false"
"ENG-16";"936";"Inglaterra";"Grupo L";"47";"16";"false"
"ENG-17";"937";"Inglaterra";"Grupo L";"47";"17";"false"
"ENG-18";"938";"Inglaterra";"Grupo L";"47";"18";"false"
"ENG-19";"939";"Inglaterra";"Grupo L";"47";"19";"false"
"ENG-20";"940";"Inglaterra";"Grupo L";"47";"20";"false"
"PAN-1";"941";"Panamá";"Grupo L";"48";"1";"false"
"PAN-2";"942";"Panamá";"Grupo L";"48";"2";"false"
"PAN-3";"943";"Panamá";"Grupo L";"48";"3";"false"
"PAN-4";"944";"Panamá";"Grupo L";"48";"4";"false"
"PAN-5";"945";"Panamá";"Grupo L";"48";"5";"false"
"PAN-6";"946";"Panamá";"Grupo L";"48";"6";"false"
"PAN-7";"947";"Panamá";"Grupo L";"48";"7";"false"
"PAN-8";"948";"Panamá";"Grupo L";"48";"8";"false"
"PAN-9";"949";"Panamá";"Grupo L";"48";"9";"false"
"PAN-10";"950";"Panamá";"Grupo L";"48";"10";"false"
"PAN-11";"951";"Panamá";"Grupo L";"48";"11";"false"
"PAN-12";"952";"Panamá";"Grupo L";"48";"12";"false"
"PAN-13";"953";"Panamá";"Grupo L";"48";"13";"false"
"PAN-14";"954";"Panamá";"Grupo L";"48";"14";"false"
"PAN-15";"955";"Panamá";"Grupo L";"48";"15";"false"
"PAN-16";"956";"Panamá";"Grupo L";"48";"16";"false"
"PAN-17";"957";"Panamá";"Grupo L";"48";"17";"false"
"PAN-18";"958";"Panamá";"Grupo L";"48";"18";"false"
"PAN-19";"959";"Panamá";"Grupo L";"48";"19";"false"
"PAN-20";"960";"Panamá";"Grupo L";"48";"20";"false"